id	track	stage	concept	title	source	est_min
A-001	A	linear-algebra	vectors	벡터	3B1B EoLA ch1	50
A-002	A	linear-algebra	span-basis	선형 결합, 생성, 기저	3B1B EoLA ch2	50
A-003	A	linear-algebra	linear-transformation	선형 변환과 행렬	3B1B EoLA ch3	60
A-004	A	linear-algebra	matrix-multiplication	행렬 곱 = 변환의 합성, 3D 변환	3B1B EoLA ch4-5	60
A-005	A	graphics	tinyrenderer-setup	C++ 빌드 환경과 TGA 출력	tinyrenderer Lesson 0	90
A-006	A	graphics	line-drawing	브레젠험 선분 그리기	tinyrenderer Lesson 1	120
A-007	A	linear-algebra	dot-product	내적과 쌍대성	3B1B EoLA ch9	50
A-008	A	linear-algebra	cross-product	외적	3B1B EoLA ch10-11	70
A-009	A	graphics	triangle-rasterization	삼각형 래스터화, 무게중심 좌표, 후면 제거	tinyrenderer Lesson 2	180
A-010	A	graphics	z-buffer	z-buffer로 가려진 면 제거	tinyrenderer Lesson 3	120
A-011	A	linear-algebra	determinant-inverse	행렬식, 역행렬, 열공간, 영공간	3B1B EoLA ch6-7	80
A-012	A	linear-algebra	change-of-basis	비정사각 행렬, 기저 변환	3B1B EoLA ch8, ch13	70
A-013	A	graphics	perspective-projection	동차 좌표와 원근 투영	tinyrenderer Lesson 4	180
A-014	A	graphics	camera	카메라 이동, lookAt	tinyrenderer Lesson 5	180
A-015	A	graphics	shaders	소프트웨어 렌더러 셰이더	tinyrenderer Lesson 6	240
A-016	A	linear-algebra	eigen	고윳값과 고유벡터	3B1B EoLA ch14-15	70
A-017	A	graphics	normal-mapping	탄젠트 공간 노멀 매핑	tinyrenderer Lesson 6bis	180
A-018	A	graphics	shadow-mapping	섀도 매핑	tinyrenderer Lesson 7	180
A-019	A	graphics	ambient-occlusion	앰비언트 오클루전	tinyrenderer Lesson 8	120
B-001	B	computer-systems	system-tour	컴퓨터 시스템 개요	CS:APP 1장	90
B-002	B	computer-systems	information-storage	정보 저장: 비트, 바이트, 16진수, 바이트 순서	CS:APP 2.1	120
B-003	B	computer-systems	integer-representation	정수 표현: unsigned, 2의 보수	CS:APP 2.2	150
B-004	B	computer-systems	integer-arithmetic	정수 연산과 오버플로	CS:APP 2.3	150
B-005	B	computer-systems	floating-point	IEEE 754 부동소수점	CS:APP 2.4	150
B-006	B	computer-systems	data-lab	Data Lab	CS:APP Data Lab (self-study handout)	300
B-007	B	computer-systems	machine-basics	기계어 기초: 인코딩, 데이터 형식, 접근, 산술	CS:APP 3.1-3.5	180
B-008	B	computer-systems	machine-control	조건 코드, 분기, 반복	CS:APP 3.6	150
B-009	B	computer-systems	procedures	프로시저, 런타임 스택	CS:APP 3.7	150
B-010	B	computer-systems	arrays-structs	배열, 구조체, 정렬	CS:APP 3.8-3.9	120
B-011	B	computer-systems	pointers-buffer-overflow	포인터와 버퍼 오버플로	CS:APP 3.10	120
B-012	B	computer-systems	bomb-lab	Bomb Lab	CS:APP Bomb Lab (self-study handout)	420
B-013	B	computer-systems	memory-hierarchy	저장장치, 지역성, 메모리 계층	CS:APP 6.1-6.3	150
B-014	B	computer-systems	cache-memory	캐시 메모리 구조	CS:APP 6.4	180
B-015	B	computer-systems	cache-friendly-code	캐시 친화 코드와 성능 측정	CS:APP 6.5-6.6	150
B-016	B	computer-systems	cache-lab	Cache Lab	CS:APP Cache Lab (self-study handout)	420
B-017	B	computer-systems	linking-static	정적 링킹, 심볼 해석, 재배치	CS:APP 7.1-7.7	150
B-018	B	computer-systems	linking-dynamic	실행 파일 로딩, 공유 라이브러리	CS:APP 7.8-7.14	150
