date	topic	concept	result	confidence	note
2026-10-01	선형 변환과 행렬	basis-determines-linear-map	?	-	T(i),T(j)로 결정됨을 모름
2026-10-01	선형 변환과 행렬	linearity-definition	?	-	affine(2x+1)이 선형인지 모름
2026-10-01	선형 변환과 행렬	vector-linear-combination	?	-	스칼라배+덧셈 계산 모름 → 벡터부터 시작
2026-10-01	vectors	vector-addition-geometric	X	2	덧셈을 끝점-끝점 연결(=뺄셈)로 착각
2026-10-01	vectors	vector-addition-numeric	O	2	성분별 덧셈 계산은 됨
2026-10-01	vectors	scalar-multiplication-geometric	?	-	음수 스칼라배의 기하적 의미 모름
2026-10-01	vectors	vector-as-arrow-from-origin	O	2	꼬리=원점, 머리=좌표
2026-10-01	vectors	vector-addition-geometric	O	3	tip-to-tail 그림+계산 연결됨
2026-10-01	vectors	scalar-multiplication-geometric	O	3	음수·분수 스칼라배 그림+계산
2026-10-01	vectors	vector-subtraction-direction	O	3	B-A = A에서 B로
2026-10-01	vectors	ray-parametric	O	3	o+t·d 계산
